,timestamp
0,2022-11-06T01:53:35Z
1,2022-11-06T01:54:37Z
2,2022-11-10T19:44:53Z
3,2022-11-28T20:30:12Z
4,2022-12-01T17:57:23Z
5,2022-12-03T17:20:20Z
6,2022-12-03T17:45:28Z
7,2022-12-04T15:25:32Z
8,2022-12-04T19:41:01Z
9,2022-12-05T01:17:41Z
10,2022-12-05T18:40:45Z
11,2022-12-06T17:55:17Z
12,2022-12-06T20:19:06Z
13,2022-12-06T20:20:42Z
14,2022-12-06T22:11:18Z
15,2022-12-08T22:08:33Z
16,2022-12-21T00:18:17Z
17,2022-12-21T00:29:22Z
18,2022-12-21T01:14:16Z
19,2023-01-04T18:47:38Z
20,2023-01-04T18:48:52Z
21,2023-01-04T18:50:32Z
22,2023-01-04T18:53:00Z
23,2023-01-04T19:00:00Z
24,2023-01-21T04:16:53Z
25,2023-01-21T04:28:23Z
26,2023-01-21T04:56:29Z
27,2023-01-21T20:18:15Z
28,2023-01-27T18:17:55Z
29,2023-01-27T18:18:34Z
30,2023-01-31T17:15:37Z
31,2023-01-31T17:16:06Z
32,2023-01-31T17:16:47Z
33,2023-02-02T19:52:38Z
34,2023-02-02T19:55:04Z
35,2023-02-02T19:56:03Z
36,2023-02-02T19:58:33Z
37,2023-02-02T20:06:01Z
38,2023-02-03T19:12:33Z
39,2023-02-03T19:13:44Z
40,2023-02-03T19:14:17Z
41,2023-02-03T19:15:59Z
42,2023-02-03T19:16:35Z
43,2023-02-03T19:26:08Z
44,2023-02-03T21:30:11Z
45,2023-02-08T19:02:02Z
46,2023-02-08T19:04:37Z
47,2023-02-08T19:05:52Z
48,2023-02-09T23:09:45Z
49,2023-02-10T21:00:13Z
50,2023-02-10T21:00:56Z
51,2023-02-12T23:58:52Z
52,2023-02-12T23:59:02Z
53,2023-02-15T18:48:21Z
54,2023-02-15T18:49:19Z
55,2023-02-15T20:05:10Z
56,2023-02-16T17:49:16Z
57,2023-02-17T18:23:37Z
58,2023-02-20T23:33:35Z
59,2023-02-21T17:44:14Z
60,2023-02-21T17:50:29Z
61,2023-02-22T22:42:01Z
62,2023-02-22T22:43:09Z
63,2023-03-05T00:27:17Z
64,2023-03-06T22:37:28Z
65,2023-03-13T02:18:35Z
66,2023-03-13T02:22:07Z
67,2023-03-13T02:36:06Z
68,2023-03-13T17:34:35Z
69,2023-03-13T17:35:10Z
70,2023-03-13T17:40:27Z
71,2023-03-13T18:09:40Z
72,2023-03-15T21:30:19Z
73,2023-03-21T16:14:37Z
74,2023-03-21T17:15:44Z
75,2023-03-21T17:16:19Z
76,2023-03-22T17:27:09Z
77,2023-03-22T18:34:47Z
78,2023-03-24T18:14:28Z
79,2023-03-27T04:59:15Z
80,2023-03-28T02:59:46Z
81,2023-03-29T21:22:46Z
82,2023-03-29T21:24:41Z
83,2023-03-29T21:25:34Z
84,2023-03-29T21:26:03Z
85,2023-03-31T00:48:04Z
86,2023-04-01T23:27:44Z
87,2023-04-03T17:19:47Z
88,2023-04-06T19:14:35Z
89,2023-04-06T19:20:10Z
90,2023-04-06T19:25:36Z
91,2023-04-06T19:26:59Z
92,2023-04-06T19:36:38Z
93,2023-04-06T19:48:24Z
94,2023-04-06T21:43:06Z
95,2023-04-06T21:49:04Z
96,2023-04-06T21:49:38Z
97,2023-04-06T21:51:24Z
98,2023-04-07T20:06:28Z
99,2023-04-07T20:10:15Z
100,2023-04-09T21:24:23Z
101,2023-04-12T22:47:42Z
102,2023-04-13T19:35:14Z
103,2023-04-13T19:36:00Z
104,2023-04-13T19:39:15Z
105,2023-04-13T20:20:43Z
106,2023-04-13T22:06:28Z
107,2023-04-13T22:07:42Z
108,2023-04-14T04:39:08Z
109,2023-04-14T19:11:52Z
110,2023-04-17T18:40:23Z
111,2023-04-17T20:06:22Z
112,2023-04-19T20:16:08Z
113,2023-04-20T19:34:44Z
114,2023-04-21T17:58:54Z
115,2023-04-21T19:05:09Z
116,2023-04-21T19:19:12Z
117,2023-04-21T19:21:10Z
118,2023-04-21T19:23:27Z
119,2023-04-21T19:24:18Z
120,2023-04-21T19:25:33Z
121,2023-04-21T19:26:47Z
122,2023-04-21T19:27:30Z
123,2023-04-21T22:06:05Z
124,2023-05-01T20:51:18Z
125,2023-05-01T22:22:40Z
126,2023-05-01T23:15:11Z
127,2023-05-02T20:48:24Z
128,2023-05-08T18:22:43Z
129,2023-05-16T03:05:35Z
130,2023-05-16T03:15:15Z
131,2023-05-16T04:17:02Z
132,2023-05-18T19:18:27Z
133,2023-06-02T18:56:38Z
134,2023-06-30T12:56:05Z
135,2023-06-30T13:05:37Z
136,2023-07-13T20:36:12Z
137,2023-07-17T17:03:09Z
138,2023-08-09T16:09:55Z
139,2023-08-21T22:29:19Z
140,2023-08-21T22:30:55Z
141,2023-08-23T18:30:03Z
142,2023-09-13T19:32:06Z
143,2023-09-13T20:42:59Z
144,2023-09-14T20:35:38Z
145,2023-09-15T23:01:22Z
146,2023-09-15T23:50:50Z
147,2023-09-17T15:59:52Z
148,2023-09-17T16:16:04Z
149,2023-09-19T19:12:21Z
150,2023-09-20T18:26:11Z
151,2023-09-21T23:10:34Z
152,2023-09-21T23:12:20Z
153,2023-09-21T23:14:42Z
154,2023-09-22T23:41:03Z
155,2023-10-04T15:32:52Z
156,2023-10-04T15:34:27Z
157,2023-10-04T15:39:39Z
158,2023-10-04T15:50:20Z
159,2023-10-04T16:00:58Z
160,2023-10-04T16:04:50Z
161,2023-10-05T15:58:53Z
162,2023-10-05T16:02:18Z
163,2023-10-05T16:06:55Z
164,2023-10-05T17:17:50Z
165,2023-10-05T18:50:13Z
166,2023-10-05T19:01:52Z
167,2023-10-05T21:50:39Z
168,2023-10-06T16:12:48Z
169,2023-10-09T17:34:41Z
170,2023-10-09T17:36:42Z
171,2023-10-09T17:37:17Z
172,2023-10-09T17:41:15Z
173,2023-10-10T19:50:48Z
174,2023-10-11T18:27:37Z
175,2023-10-11T18:36:07Z
176,2023-10-11T18:36:38Z
177,2023-10-12T23:51:40Z
178,2023-10-12T23:53:10Z
179,2023-10-13T15:48:52Z
180,2023-10-13T22:53:32Z
181,2023-10-16T18:52:37Z
182,2023-10-16T18:57:35Z
183,2023-10-20T16:00:39Z
184,2023-10-21T22:59:58Z
185,2023-10-24T05:15:12Z
186,2023-10-24T05:16:30Z
187,2023-10-24T20:36:58Z
188,2023-10-24T20:38:11Z
189,2023-10-24T21:22:52Z
190,2023-10-24T23:32:56Z
191,2023-10-24T23:35:33Z
192,2023-10-24T23:50:11Z
193,2023-10-25T15:47:51Z
194,2023-10-25T17:04:52Z
195,2023-10-25T18:00:17Z
196,2023-10-25T21:14:00Z
197,2023-10-26T00:03:39Z
198,2023-10-30T19:22:02Z
199,2023-10-31T00:44:32Z
200,2023-11-01T22:51:13Z
201,2023-11-01T22:52:40Z
202,2023-11-02T21:05:30Z
203,2023-11-02T21:06:13Z
204,2023-11-03T22:11:28Z
205,2023-11-05T20:54:49Z
206,2023-11-05T20:58:21Z
207,2023-11-05T20:58:59Z
208,2023-11-15T18:11:50Z
209,2023-11-15T18:12:54Z
210,2023-11-15T18:14:31Z
211,2023-11-15T18:15:59Z
212,2023-11-15T22:39:00Z
213,2023-11-17T16:31:27Z
